uid,dataset,raga,artist,concert,mbid,fold
hmd:0017d78e-a39d-4151-8d93-826ab2eb00d8,hmd,alahaiyabilaval,datatreyalvelankar,Sura_Sindhu,0017d78e-a39d-4151-8d93-826ab2eb00d8,3
hmd:00f54612-09f6-4528-91f1-95e5ef191c1b,hmd,puriyadhanasri,girijadevi,Classical_Encounter,00f54612-09f6-4528-91f1-95e5ef191c1b,0
hmd:01df0bee-b090-4b1d-bbdc-84e1c436635b,hmd,darbari,rashidkhan,The_Genius_Of_Ustad_Rashid_Khan,01df0bee-b090-4b1d-bbdc-84e1c436635b,1
hmd:02915dfb-8e3d-40be-8f88-421afe81a697,hmd,todi,bhimsenjoshi,Evergreen,02915dfb-8e3d-40be-8f88-421afe81a697,1
hmd:04d506c4-df9e-410c-a3e2-037abffe7b9c,hmd,alahaiyabilaval,kishoriamonkar,Sampradaya:_Carrying_Forward_a_Tradition,04d506c4-df9e-410c-a3e2-037abffe7b9c,2
hmd:06cc10fd-d57e-4581-9627-ee7422c273dd,hmd,hamsadhvani,jasraj,Legends:_Sangeet_Martand_Pandit_Jasraj_(Vol__5),06cc10fd-d57e-4581-9627-ee7422c273dd,2
hmd:077d538e-545a-4098-8997-76742fb26d39,hmd,sri,crvyas,The_Eternal_Rhapsody,077d538e-545a-4098-8997-76742fb26d39,3
hmd:0a11bf6f-b55d-459c-9447-7a5a555a286f,hmd,bhairav,kumargandharva,Raag_Bhairav_&_Dhani,0a11bf6f-b55d-459c-9447-7a5a555a286f,4
hmd:0de04a5c-74b1-42e0-8df2-d166be9a3b33,hmd,todi,kishoriamonkar,Prabhat,0de04a5c-74b1-42e0-8df2-d166be9a3b33,2
hmd:0efd0dde-018c-4c30-972b-9dc14c6f09b5,hmd,gaudmalhar,kishoriamonkar,The_Malhars:_Gaud_Malhar,0efd0dde-018c-4c30-972b-9dc14c6f09b5,4
hmd:10224082-7d00-4839-b430-c8110686ec64,hmd,basant,venasahasrabudhe,Ritu_Chakra_Vol__3,10224082-7d00-4839-b430-c8110686ec64,3
hmd:113d82be-a83c-4c43-9393-6377fcd982bf,hmd,sri,malikarjunmansur,Rare_Ragas_-_Raag_Sree,113d82be-a83c-4c43-9393-6377fcd982bf,1
hmd:1174dd02-87d2-4be3-bae1-d222b8a5f5a4,hmd,madhukauns,prabhatre,Madhukauns,1174dd02-87d2-4be3-bae1-d222b8a5f5a4,1
hmd:1472bfc9-acc9-4e25-9300-7cdff8df1575,hmd,ragesri,kaushikichakrabarty,Rageshri,1472bfc9-acc9-4e25-9300-7cdff8df1575,4
hmd:157f546c-90c8-4b3b-a72c-42fa5b0dd820,hmd,bhup,kishoriamonkar,Live_in_Concert:_New_Delhi_1992,157f546c-90c8-4b3b-a72c-42fa5b0dd820,1
hmd:15fae9e1-01a0-4b4b-bcc9-4c84321a66a0,hmd,abhogi,bhimsenjoshi,The_Essential_Collection,15fae9e1-01a0-4b4b-bcc9-4c84321a66a0,1
hmd:182dd9f9-d3b7-4ebc-9d18-9e0544c6e8cc,hmd,bilasakhanitodi,basavrajrajaguru,The_Genius_Of_Basavraj_Rajguru,182dd9f9-d3b7-4ebc-9d18-9e0544c6e8cc,4
hmd:186b62f6-3073-4817-a075-439cad73305c,hmd,bagesri,ajoychakrabarty,The_Genius_Of_Pt__Ajoy_Chakraborty,186b62f6-3073-4817-a075-439cad73305c,3
hmd:18e8ec47-13b8-48a8-9ad5-4f9fbc901c0f,hmd,puriyadhanasri,sanjevabhyankar,Vocal_Classical,18e8ec47-13b8-48a8-9ad5-4f9fbc901c0f,3
hmd:19b66d55-98b3-4157-b680-6a0f17fce925,hmd,hamsadhvani,venasahasrabudhe,Bandish_Vol-1,19b66d55-98b3-4157-b680-6a0f17fce925,3
hmd:1a311323-791b-46fa-ab59-b749adcd18e1,hmd,marva,samehankashalkar,Raag_Marwa_&_Hameer,1a311323-791b-46fa-ab59-b749adcd18e1,3
hmd:1b3714f7-9cab-4674-8d19-c9aad8801d29,hmd,sri,crvyas,The_Eternal_Rhapsody,1b3714f7-9cab-4674-8d19-c9aad8801d29,3
hmd:1caf7cef-ae50-4a96-ac5b-31519ec5f839,hmd,puriyadhanasri,kumargandharva,The_Genius_Of_Pt__Kumar_Gandharv,1caf7cef-ae50-4a96-ac5b-31519ec5f839,2
hmd:1d378f5b-33ac-47ae-9219-a03a394de1b9,hmd,bagesri,rashidkhan,Vocal,1d378f5b-33ac-47ae-9219-a03a394de1b9,1
hmd:1f5947f8-e4b8-47e4-86a6-8a817dbf8554,hmd,darbari,madhupmudgal,Eternal_Music,1f5947f8-e4b8-47e4-86a6-8a817dbf8554,0
hmd:1f9922a5-0366-4461-96ac-81a31703416b,hmd,miyanmalhar,deborshebhatacharya,Raag_Mian_Malhar_&_Ramdasi_Malhar,1f9922a5-0366-4461-96ac-81a31703416b,4
hmd:205d79c6-ad14-4193-be7c-3f32457eda60,hmd,bairagi,amirkhan,The_Great_Heritage:_Ustad_Amir_Khan,205d79c6-ad14-4193-be7c-3f32457eda60,0
hmd:2073b056-8120-4b04-b808-3d6a8c6a2bd7,hmd,ahirabhairav,omkardadarkar,Raag_Ahir_Bhairon_&_Todi,2073b056-8120-4b04-b808-3d6a8c6a2bd7,4
hmd:211c010f-7ae5-4ca6-a909-f10afed265c5,hmd,madhuvanti,jasraj,A_Day_With_Pandit_Jasraj,211c010f-7ae5-4ca6-a909-f10afed265c5,2
hmd:22e45ddb-9b88-406e-996a-2136730d72d4,hmd,marubihag,venasahasrabudhe,Khayal,22e45ddb-9b88-406e-996a-2136730d72d4,2
hmd:230998b8-34e1-4d6c-bc96-e0ff95146ddb,hmd,marubihag,bhimsenjoshi,The_Essential_Collection,230998b8-34e1-4d6c-bc96-e0ff95146ddb,1
hmd:2331050f-b7cf-46d5-a700-c7503539d7c5,hmd,hamsadhvani,venasahasrabudhe,Veena_Sahasrabuddhe_-_First_Milestone,2331050f-b7cf-46d5-a700-c7503539d7c5,0
hmd:256d06c1-34e2-43fc-aa14-c2f191f680f1,hmd,kedar,abdulrashidkhan,Rasan_Piya_-_Volume_3,256d06c1-34e2-43fc-aa14-c2f191f680f1,0
hmd:25d5c348-023b-487b-b149-a46d553cedee,hmd,todi,omkardadarkar,Raag_Ahir_Bhairon_&_Todi,25d5c348-023b-487b-b149-a46d553cedee,4
hmd:27994cb8-23ae-4c32-959e-625b51727412,hmd,gaudmalhar,malinirajurkar,First_Time_On_CD,27994cb8-23ae-4c32-959e-625b51727412,3
hmd:28dd1d68-ee23-47f4-8776-33cc18adc44a,hmd,gaudmalhar,kishoriamonkar,The_Malhars:_Gaud_Malhar,28dd1d68-ee23-47f4-8776-33cc18adc44a,4
hmd:2a853a15-4376-4a0a-8b3f-7a55d652f464,hmd,des,abdulrashidkhan,Rasan_Piya_-_Volume_3,2a853a15-4376-4a0a-8b3f-7a55d652f464,0
hmd:2b1da797-d9f6-47bc-93c0-d19f5de0fa5d,hmd,bhairav,rashidkhan,The_Song_Of_Shiva,2b1da797-d9f6-47bc-93c0-d19f5de0fa5d,1
hmd:2c29d660-b4ed-4302-a447-866a1e1d86b3,hmd,kedar,rashidkhan,Live_at_St__John's_Smith_Square_London,2c29d660-b4ed-4302-a447-866a1e1d86b3,4
hmd:2d207bf5-90cf-4d74-8703-b3b0d52a531f,hmd,malkauns,ulhaskashalkar,Masterpieces,2d207bf5-90cf-4d74-8703-b3b0d52a531f,2
hmd:2e399218-6978-47ef-ad3f-c7eca6dad81b,hmd,bairagi,ajoychakrabarty,Ragamala,2e399218-6978-47ef-ad3f-c7eca6dad81b,2
hmd:2f76f164-f02c-4b22-8bc0-4fe5500039b1,hmd,gaudmalhar,malikarjunmansur,First_Time_on_CD,2f76f164-f02c-4b22-8bc0-4fe5500039b1,1
hmd:2fd571a1-ca82-4ca6-9c41-39c2fe31d43f,hmd,ragesri,sanjevabhyankar,Jiyaraa,2fd571a1-ca82-4ca6-9c41-39c2fe31d43f,2
hmd:30261aa8-aa4d-4f66-a2d4-b087668b00a8,hmd,alahaiyabilaval,kishoriamonkar,Sampradaya:_Carrying_Forward_a_Tradition,30261aa8-aa4d-4f66-a2d4-b087668b00a8,2
hmd:30408242-719e-4efb-a72d-fc1dc2833db7,hmd,bhairav,abdulrashidkhan,Rasan_Piya_-_Volume_4,30408242-719e-4efb-a72d-fc1dc2833db7,2
hmd:3124479b-5118-4cf3-823f-8fefad45e586,hmd,bilasakhanitodi,ajoychakrabarty,Geetinandan_:_Part-3,3124479b-5118-4cf3-823f-8fefad45e586,3
hmd:3148a17b-6be7-4f5e-bc35-84196b3c64b6,hmd,bihag,omkarnaththakur,An_Undying_Parampara_Vol__2,3148a17b-6be7-4f5e-bc35-84196b3c64b6,1
hmd:31bc8850-a7cb-4a9f-bb4f-863e0e88728f,hmd,madhukauns,venasahasrabudhe,Bandish_Vol-1,31bc8850-a7cb-4a9f-bb4f-863e0e88728f,3
hmd:344dca74-fb8a-4c7e-a7e6-0a52088edd71,hmd,marva,jasraj,Khazana,344dca74-fb8a-4c7e-a7e6-0a52088edd71,0
hmd:354c38e3-c71b-4dd6-bc77-deb629ad14b9,hmd,madhuvanti,prabhatre,Vocal_Recital,354c38e3-c71b-4dd6-bc77-deb629ad14b9,0
hmd:3766bcb1-57b6-4c16-9196-c2ed94d80331,hmd,alahaiyabilaval,kumargandharva,Pt__Kumar_Gandharva-Vocal,3766bcb1-57b6-4c16-9196-c2ed94d80331,0
hmd:37686ac1-797f-44f5-a3c9-5e8690beb8ec,hmd,miyanmalhar,bhimsenjoshi,Raagadhiraj,37686ac1-797f-44f5-a3c9-5e8690beb8ec,3
hmd:37c79233-b5d7-4517-a393-37784702c4ce,hmd,yamankalyan,jagdishprasad,Jewel_of_Jewels,37c79233-b5d7-4517-a393-37784702c4ce,0
hmd:3956d76d-876b-4e34-a6dd-c8ecfc057ff8,hmd,bhairav,abdulrashidkhan,Rasan_Piya_-_Volume_4,3956d76d-876b-4e34-a6dd-c8ecfc057ff8,2
hmd:39f429c9-ee16-414d-b8d0-fbf1d0bc6e79,hmd,des,abdulrashidkhan,Rasan_Piya_-_Volume_1,39f429c9-ee16-414d-b8d0-fbf1d0bc6e79,2
hmd:3a75a312-b119-41f8-8a5a-e799ebeed0cc,hmd,sudhsarang,ajoychakrabarty,Geetinandan_:_Part-3,3a75a312-b119-41f8-8a5a-e799ebeed0cc,3
hmd:3abaaa52-4c95-4e8b-beda-37bc3d01f763,hmd,bhairav,kumargandharva,Raga_Bhairav_Ke_Prakaar,3abaaa52-4c95-4e8b-beda-37bc3d01f763,3
hmd:3c6fa59c-a492-4e76-a3f0-be3e81053ca5,hmd,marva,rashidkhan,Vocal,3c6fa59c-a492-4e76-a3f0-be3e81053ca5,1
hmd:3ce024ce-395c-45a7-9236-ac282eb21aa3,hmd,miyanmalhar,prabhatre,Chaitanya,3ce024ce-395c-45a7-9236-ac282eb21aa3,1
hmd:3ce253e3-20a1-4148-b6c7-420a9784c242,hmd,sudhsarang,jasraj,Legends:_Sangeet_Martand_Pandit_Jasraj_(Vol__2),3ce253e3-20a1-4148-b6c7-420a9784c242,1
hmd:3d0539f5-2d30-422f-9647-b3e14fd9787d,hmd,alahaiyabilaval,basavrajrajaguru,The_Genius_Of_Basavraj_Rajguru,3d0539f5-2d30-422f-9647-b3e14fd9787d,4
hmd:3d6dc834-550d-4eb5-87f9-6e57747f3cb1,hmd,basant,rashidkhan,Masterworks,3d6dc834-550d-4eb5-87f9-6e57747f3cb1,2
hmd:3f162361-c4fa-46f9-bc56-58242d978449,hmd,todi,kumargandharva,Raag_Todi,3f162361-c4fa-46f9-bc56-58242d978449,4
hmd:3f66f0dc-73b7-48c4-8ad7-1f1a7dacd8bb,hmd,jog,jasraj,Devataa,3f66f0dc-73b7-48c4-8ad7-1f1a7dacd8bb,4
hmd:3fc7b071-68c7-4a5a-bed5-7da6301931f4,hmd,malkauns,badeghulamalikhan,Hindustani_Vocal,3fc7b071-68c7-4a5a-bed5-7da6301931f4,2
hmd:409903ce-cfe7-41fd-b42b-3b7790c0e917,hmd,abhogi,girijadevi,The_Genius_of_Girija_Devi,409903ce-cfe7-41fd-b42b-3b7790c0e917,0
hmd:41e85340-5071-4cdf-a988-6e0aabed3dd6,hmd,abhogi,jagdishprasad,Laaj_Rakho_Mori,41e85340-5071-4cdf-a988-6e0aabed3dd6,4
hmd:43688da7-80e9-4814-b486-b01534a6ed44,hmd,sudhsarang,basavrajrajaguru,The_Genius_Of_Basavraj_Rajguru,43688da7-80e9-4814-b486-b01534a6ed44,4
hmd:4519091e-9eaa-4f03-911e-348727ee3c90,hmd,basant,basavrajrajaguru,The_Genius_Of_Basavraj_Rajguru,4519091e-9eaa-4f03-911e-348727ee3c90,4
hmd:454f0c85-a41b-48c1-afa5-b4f5dbcb7947,hmd,sri,kaustuvkantiganguli,"Raag_Shree,_Lalit_Pancham_&_Bhairavi_Thumri",454f0c85-a41b-48c1-afa5-b4f5dbcb7947,4
hmd:47b78e45-4a67-49e7-94db-aac7fc8a3db7,hmd,bagesri,amirkhan,A_Life_in_Music,47b78e45-4a67-49e7-94db-aac7fc8a3db7,4
hmd:49e7d75c-484c-4002-9532-5717a4e30fe0,hmd,madhuvanti,sanjevabhyankar,Vocal_Classical,49e7d75c-484c-4002-9532-5717a4e30fe0,3
hmd:4a507000-6c5a-4c8b-8922-1bfc29cba805,hmd,malkauns,ajoychakrabarty,Ajoy_Chakrabarty-Vocal,4a507000-6c5a-4c8b-8922-1bfc29cba805,0
hmd:4a9eb951-9a45-4292-a7c8-aeb103349e86,hmd,kedar,abdulrashidkhan,Rasan_Piya_-_Volume_3,4a9eb951-9a45-4292-a7c8-aeb103349e86,0
hmd:4b587d3f-4014-4d68-a958-17d51fe2c1c1,hmd,bairagi,aslamhusainkhan,The_Ultimate,4b587d3f-4014-4d68-a958-17d51fe2c1c1,4
hmd:4ec29190-b7c9-46f6-81d8-db4b0c2a5b40,hmd,kedar,bhimsenjoshi,The_Multifaceted,4ec29190-b7c9-46f6-81d8-db4b0c2a5b40,2
hmd:50a45482-2a3e-44a8-beea-1320f529fa00,hmd,gaudmalhar,kishoriamonkar,The_Malhars:_Gaud_Malhar,50a45482-2a3e-44a8-beea-1320f529fa00,4
hmd:51656b20-295c-40f9-8dab-005b9b90fa98,hmd,ahirabhairav,ajoychakrabarty,Geetinandan_:_Part-3,51656b20-295c-40f9-8dab-005b9b90fa98,3
hmd:5233f93f-4f1c-4ba1-9d3f-3d47a5f81d2e,hmd,malkauns,kesarbaikerkar,20th_Century_Baithak_Series,5233f93f-4f1c-4ba1-9d3f-3d47a5f81d2e,1
hmd:52944bc0-4639-4760-be76-f2720a20be81,hmd,malkauns,satyasheldeshpande,"Raag_Malkauns,_Chandrakauns_&_Majh_Khamaj_Thumri",52944bc0-4639-4760-be76-f2720a20be81,3
hmd:52c68301-d913-4208-adc6-c2cf8d2003d3,hmd,bhairav,abdulrashidkhan,Rasan_Piya_-_Volume_4,52c68301-d913-4208-adc6-c2cf8d2003d3,2
hmd:53402748-f637-46a0-817d-ac711a9005ff,hmd,ahirabhairav,jasraj,Legends:_Sangeet_Martand_Pandit_Jasraj_(Vol__1),53402748-f637-46a0-817d-ac711a9005ff,0
hmd:566d6c64-ae66-45e7-9f91-e33cd6c0f18f,hmd,jog,ajoychakrabarty,Raag_Kedar_&_Jog,566d6c64-ae66-45e7-9f91-e33cd6c0f18f,1
hmd:567e57a7-26c8-49c3-8a2c-fc2485cf2ab9,hmd,ahirabhairav,amirkhan,A_Life_in_Music,567e57a7-26c8-49c3-8a2c-fc2485cf2ab9,4
hmd:56a5f6b7-67c0-4672-8eb5-4800ea004251,hmd,hamsadhvani,amirkhan,The_Great_Heritage:_Ustad_Amir_Khan,56a5f6b7-67c0-4672-8eb5-4800ea004251,0
hmd:56ad0c6b-6e9d-40e5-a917-96ec46c95e1c,hmd,marubihag,jasraj,Classical_Wonders_of_India,56ad0c6b-6e9d-40e5-a917-96ec46c95e1c,0
hmd:56c945ef-f5ed-4b03-ace1-80ed9b7acf25,hmd,gaudmalhar,gauripathare,Malhar,56c945ef-f5ed-4b03-ace1-80ed9b7acf25,0
hmd:57db6960-6038-4b48-b22f-a10d22752767,hmd,madhukauns,amirkhan,The_Great_Heritage:_Ustad_Amir_Khan,57db6960-6038-4b48-b22f-a10d22752767,0
hmd:58ffbe74-0145-48b9-bc41-fa9e4b3a59cc,hmd,bagesri,venasahasrabudhe,Veena_Sahasrabuddhe_-_First_Milestone,58ffbe74-0145-48b9-bc41-fa9e4b3a59cc,0
hmd:59ebf93e-fb88-4ac1-b400-000ffbc7ae3d,hmd,jog,girijadevi,Diva,59ebf93e-fb88-4ac1-b400-000ffbc7ae3d,2
hmd:5a73fd2e-2308-49c3-81de-e3baa95d2c1b,hmd,bhairav,prabhatre,Gaan_Prabha,5a73fd2e-2308-49c3-81de-e3baa95d2c1b,0
hmd:5b640af5-26f6-4a02-81e5-d28cd01e9149,hmd,basant,bhimsenjoshi,Classical_Wonders_Of_India,5b640af5-26f6-4a02-81e5-d28cd01e9149,4
hmd:5c3bd389-696a-4ffd-93af-94b68343e9b7,hmd,khamaj,abdulrashidkhan,Rasan_Piya_-_Volume_1,5c3bd389-696a-4ffd-93af-94b68343e9b7,2
hmd:5d56b3ab-99d1-48c3-a785-269d74ccc944,hmd,bihag,omkardadarkar,Raag_Bihag_&_Bhairavi_Dadra,5d56b3ab-99d1-48c3-a785-269d74ccc944,0
hmd:5e9d1ce8-9dcf-4c3c-a58a-7bc8734791d0,hmd,gaudmalhar,kishoriamonkar,Malhar_Malika,5e9d1ce8-9dcf-4c3c-a58a-7bc8734791d0,3
hmd:61f14196-ba50-41c9-91f8-0f42e0d6870f,hmd,puriyadhanasri,jayaterthmevundi,Jayateerth_Mevundi_Classical_Vocal,61f14196-ba50-41c9-91f8-0f42e0d6870f,4
hmd:62ccf764-ddbd-49d4-a05a-cda03f4192a6,hmd,bilasakhanitodi,satyasheldeshpande,Kahen,62ccf764-ddbd-49d4-a05a-cda03f4192a6,2
hmd:62d572bc-f693-4378-b22c-03879b78ff0a,hmd,puriyadhanasri,bhimsenjoshi,Shraddhanjali,62d572bc-f693-4378-b22c-03879b78ff0a,2
hmd:631bde83-42e4-4c04-b260-3dbbd5b03799,hmd,marubihag,ajoychakrabarty,Geetinandan_:_Part-3,631bde83-42e4-4c04-b260-3dbbd5b03799,3
hmd:64587462-6f9f-4439-8b48-6375a4fb1f6a,hmd,malkauns,gopalmishra,Kula_Sampada,64587462-6f9f-4439-8b48-6375a4fb1f6a,3
hmd:64a44651-dab9-4ee1-a49e-dcca4cf67c53,hmd,bhup,abdulrashidkhan,Rasan_Piya_-_Volume_1,64a44651-dab9-4ee1-a49e-dcca4cf67c53,2
hmd:6502220f-ec92-4308-99d4-3922f41579aa,hmd,sri,crvyas,The_Eternal_Rhapsody,6502220f-ec92-4308-99d4-3922f41579aa,3
hmd:6504d224-d5e7-4353-841f-47adfcda0bd3,hmd,marva,shrinivasjoshi,Swarakruti,6504d224-d5e7-4353-841f-47adfcda0bd3,3
hmd:66dcff23-bcf4-4a32-82fb-e6bb679c0d5d,hmd,hamsadhvani,rajanmishra,Sadhana,66dcff23-bcf4-4a32-82fb-e6bb679c0d5d,1
hmd:66de36d2-f8b5-44aa-b586-ce75bd665a46,hmd,marva,vasantraodeshpande,Dr__Vasant_Rao_Deshpande_(Compilation),66de36d2-f8b5-44aa-b586-ce75bd665a46,4
hmd:679827a7-41bf-4af7-bba6-50c036264941,hmd,lalit,kishoriamonkar,Jaipur_Gharana,679827a7-41bf-4af7-bba6-50c036264941,0
hmd:67b90abb-08cb-4473-9224-343b21e4681a,hmd,madhuvanti,bhimsenjoshi,Swaradhiraj_Vol__2,67b90abb-08cb-4473-9224-343b21e4681a,0
hmd:6848a21a-20da-4023-a608-332870105a92,hmd,miyanmalhar,venasahasrabudhe,Tribute_To_Miyan_Tansen_Vol-1,6848a21a-20da-4023-a608-332870105a92,2
hmd:68ecc764-b0da-4919-affe-8a50d558cbbf,hmd,madhuvanti,kaushikichakrabarty,Pure,68ecc764-b0da-4919-affe-8a50d558cbbf,4
hmd:6939b1dc-2646-41df-a741-095bfad3360f,hmd,puriyadhanasri,bhimsenjoshi,Evergreen,6939b1dc-2646-41df-a741-095bfad3360f,1
hmd:695a5b9b-fdbe-4a02-914f-b40f46df4367,hmd,des,rashidkhan,Live_At_Sunny_Towers_Vol-2,695a5b9b-fdbe-4a02-914f-b40f46df4367,1
hmd:6acdbda5-8c44-4dd4-8aea-dc024c7f65b6,hmd,yamankalyan,abdulrashidkhan,Rasan_Piya_-_Volume_4,6acdbda5-8c44-4dd4-8aea-dc024c7f65b6,2
hmd:6c0c6e87-c78c-44df-8955-3595575a06a7,hmd,madhukauns,prabhatre,Madhukauns,6c0c6e87-c78c-44df-8955-3595575a06a7,1
hmd:6c573272-1f4a-4504-b7e1-996f877e1e15,hmd,miyanmalhar,kumargandharva,The_Genius_Of_Pt__Kumar_Gandharv,6c573272-1f4a-4504-b7e1-996f877e1e15,2
hmd:6cb0fc24-76bf-48a8-8a45-8552b70127ea,hmd,bagesri,jagdishprasad,Shraddhanjali:_Jagdish_Prasad,6cb0fc24-76bf-48a8-8a45-8552b70127ea,1
hmd:6df73a9c-3978-4db0-af6a-7d833467234b,hmd,sudhsarang,venasahasrabudhe,Ritu_Chakra_Vol__3,6df73a9c-3978-4db0-af6a-7d833467234b,3
hmd:6e4dea78-ec22-479a-9e3c-c253a6deba7c,hmd,darbari,jasraj,Legends:_Sangeet_Martand_Pandit_Jasraj_(Vol__5),6e4dea78-ec22-479a-9e3c-c253a6deba7c,2
hmd:7060e016-7772-45c9-bfc6-8d3911ae0a06,hmd,abhogi,bhimsenjoshi,The_Essential_Collection,7060e016-7772-45c9-bfc6-8d3911ae0a06,1
hmd:7081d924-c8e4-4216-9e69-ca397c10550b,hmd,marva,hirabaibarodekar,The_Great_Heritage:_Hirabai_Barodekar,7081d924-c8e4-4216-9e69-ca397c10550b,1
hmd:7084ac88-542c-4e84-8eda-dc9735201d18,hmd,madhukauns,artianklikartikekar,Ragamala,7084ac88-542c-4e84-8eda-dc9735201d18,2
hmd:7199a72c-c660-40dc-8cb9-bc941ae4e8a2,hmd,marubihag,sanjevabhyankar,Khayal,7199a72c-c660-40dc-8cb9-bc941ae4e8a2,2
hmd:72b3199c-c49d-4f50-b959-e1bf6abab98e,hmd,yamankalyan,hirabaibarodekar,The_Great_Heritage:_Hirabai_Barodekar,72b3199c-c49d-4f50-b959-e1bf6abab98e,1
hmd:72df913b-ac52-4798-990d-72e04a64bd8c,hmd,ragesri,rashidkhan,Live_At_Sunny_Towers_Vol-2,72df913b-ac52-4798-990d-72e04a64bd8c,1
hmd:73b6e933-61f6-4537-98df-834e3c0e0fa6,hmd,ahirabhairav,kumargandharva,Pt__Kumar_Gandharva-Vocal,73b6e933-61f6-4537-98df-834e3c0e0fa6,0
hmd:73b74f57-4ba1-4f22-a969-1d9b2e26b5ea,hmd,gaudmalhar,omkardadarkar,"Raag_Bahar,_Gaud_Malhar_&_Yaman",73b74f57-4ba1-4f22-a969-1d9b2e26b5ea,1
hmd:73f6dda2-50bf-416f-8b77-2de40d24b455,hmd,gaudmalhar,satyasheldeshpande,Kahen,73f6dda2-50bf-416f-8b77-2de40d24b455,2
hmd:76f343ce-a0ce-40c0-89aa-969c75a8cec2,hmd,khamaj,abdulrashidkhan,Rasan_Piya_-_Volume_2,76f343ce-a0ce-40c0-89aa-969c75a8cec2,4
hmd:7704b0d2-eeac-47e4-ba05-c541a91eb621,hmd,ragesri,ajoychakrabarty,Geetinandan_:_Part-3,7704b0d2-eeac-47e4-ba05-c541a91eb621,3
hmd:7711d588-1c7a-4756-8793-2aa5d32bfffb,hmd,madhuvanti,gopalmishra,Kula_Sampada,7711d588-1c7a-4756-8793-2aa5d32bfffb,3
hmd:77c887ad-de19-45b8-b83f-37446eae378d,hmd,bhup,rashidkhan,Masterworks,77c887ad-de19-45b8-b83f-37446eae378d,2
hmd:783aa4b0-26f3-4e18-844c-b787be6d9849,hmd,lalit,rashidkhan,Evergreen,783aa4b0-26f3-4e18-844c-b787be6d9849,1
hmd:7a383e3f-b0a6-4aca-92df-e53c3d928a2d,hmd,jog,amirkhan,From_The_Archives_Of_Sangeet_Natak_Akademi,7a383e3f-b0a6-4aca-92df-e53c3d928a2d,3
hmd:7a91131b-210d-45b1-a056-e12dd578cc68,hmd,todi,venasahasrabudhe,Tribute_To_Miyan_Tansen_Vol-1,7a91131b-210d-45b1-a056-e12dd578cc68,2
hmd:7d3f5b32-34f2-402c-b3b3-a87f1dedd3a8,hmd,bilasakhanitodi,amirkhan,The_Great_Heritage:_Ustad_Amir_Khan,7d3f5b32-34f2-402c-b3b3-a87f1dedd3a8,0
hmd:7ed38940-f5e5-46cb-897d-ed408ddf8c85,hmd,alahaiyabilaval,jasraj,Legends:_Sangeet_Martand_Pandit_Jasraj_(Vol__1),7ed38940-f5e5-46cb-897d-ed408ddf8c85,0
hmd:7ee9570e-7f04-4f1c-819a-ec044318e15c,hmd,darbari,jayaterthmevundi,Raag_Darbari:_Rendition_of_Late_Evening_Raga,7ee9570e-7f04-4f1c-819a-ec044318e15c,1
hmd:7feb93f7-eaa4-42d5-b366-709fd1dbbc2c,hmd,hamsadhvani,raghunandanpanshikar,Classical_Vocal,7feb93f7-eaa4-42d5-b366-709fd1dbbc2c,4
hmd:809196fd-2e16-435e-9d18-6c6132da0797,hmd,bhup,kishoriamonkar,Live_in_Concert:_New_Delhi_1992,809196fd-2e16-435e-9d18-6c6132da0797,1
hmd:80c94c75-4175-40ca-9f23-4e5a04f5e9cb,hmd,marubihag,kaushikichakrabarty,Kaushiki,80c94c75-4175-40ca-9f23-4e5a04f5e9cb,4
hmd:82b207d0-a974-4c45-bf48-79bda319c985,hmd,bhup,dvpaluskar,Echoes_of_a_Golden_Voice,82b207d0-a974-4c45-bf48-79bda319c985,0
hmd:82d9adb4-ad60-4437-b3ed-a5dda2a77f61,hmd,bihag,manikbhide,The_Sanctity_of_Parampara,82d9adb4-ad60-4437-b3ed-a5dda2a77f61,3
hmd:833a49b0-cb9e-41e5-b341-ab718e03b97c,hmd,bhup,kumargandharva,Pt__Kumar_Gandharva-Vocal,833a49b0-cb9e-41e5-b341-ab718e03b97c,0
hmd:858a82b8-562e-4a7c-a7a2-6cbc65967e99,hmd,bihag,abdulrashidkhan,Rasan_Piya_-_Volume_1,858a82b8-562e-4a7c-a7a2-6cbc65967e99,2
hmd:86d7779a-1610-4514-83a6-883997250abe,hmd,jog,jasraj,Devataa,86d7779a-1610-4514-83a6-883997250abe,4
hmd:8718d4df-5fcb-419f-b209-5d34b2474a28,hmd,bhairav,abdulrashidkhan,Rasan_Piya_-_Volume_4,8718d4df-5fcb-419f-b209-5d34b2474a28,2
hmd:88210cd2-6440-4868-b6aa-3aeb403b4feb,hmd,khamaj,ajoychakrabarty,Ajoy_Chakrabarty-Vocal,88210cd2-6440-4868-b6aa-3aeb403b4feb,0
hmd:88b004be-6280-402b-a178-07efd6285326,hmd,basant,venasahasrabudhe,Bandish_Vol-1,88b004be-6280-402b-a178-07efd6285326,3
hmd:89224046-f086-4530-b2a3-70f9ae697faf,hmd,madhukauns,kaustuvkantiganguli,Hindustani_Alaps,89224046-f086-4530-b2a3-70f9ae697faf,4
hmd:89430adb-e414-4ea4-abde-1ec568641c93,hmd,kedar,abdulrashidkhan,Rasan_Piya_-_Volume_3,89430adb-e414-4ea4-abde-1ec568641c93,0
hmd:897f4174-24be-493a-be1c-57fd3c018601,hmd,bagesri,satyasheldeshpande,Raag_Bageshree_&_Bhairavi_Bhajan,897f4174-24be-493a-be1c-57fd3c018601,3
hmd:8aeccac0-75b0-4397-92b6-7bcfa0c427cc,hmd,hamsadhvani,rajanmishra,Sadhana,8aeccac0-75b0-4397-92b6-7bcfa0c427cc,1
hmd:8bbf423e-c4ea-43b8-b496-dd84f2c28d2a,hmd,todi,kaivalyakumargurav,Kaivalyakumar_Vocal_Classical,8bbf423e-c4ea-43b8-b496-dd84f2c28d2a,3
hmd:8cee9d53-b105-45bc-bd1d-4a608d59b2fd,hmd,bhup,kishoriamonkar,Live_in_Concert:_Nehru_Center_Bombay,8cee9d53-b105-45bc-bd1d-4a608d59b2fd,3
hmd:8d01b397-5d3f-4fdd-8c9a-a8a3a4e18709,hmd,darbari,rashidkhan,One_&_Only_Rashid,8d01b397-5d3f-4fdd-8c9a-a8a3a4e18709,3
hmd:8d2eb825-77d6-4f61-ae4c-1a8639dd912b,hmd,abhogi,salamatalikhan,Timeless_Music_From_Pakistan_Vol__2,8d2eb825-77d6-4f61-ae4c-1a8639dd912b,3
hmd:8e4f28ea-6a4c-4bae-a4df-4b9af14e1bb4,hmd,puriyadhanasri,jasraj,Rajan_ke_Sirtaj,8e4f28ea-6a4c-4bae-a4df-4b9af14e1bb4,1
hmd:8e815f51-194f-4e14-b1e3-5a214590d895,hmd,lalit,omkardadarkar,Raag_Lalit_&_Bibhas,8e815f51-194f-4e14-b1e3-5a214590d895,3
hmd:8f983ca1-2b51-4a9f-9265-b797b09c91c9,hmd,bihag,abdulrashidkhan,Rasan_Piya_-_Volume_1,8f983ca1-2b51-4a9f-9265-b797b09c91c9,2
hmd:9010c587-1419-425c-966c-cfbb6b80891f,hmd,miyanmalhar,crvyas,Legends_Forever,9010c587-1419-425c-966c-cfbb6b80891f,1
hmd:907e6bb0-130e-4ec5-aad0-6c768e8e9dcd,hmd,bihag,abdulrashidkhan,Rasan_Piya_-_Volume_1,907e6bb0-130e-4ec5-aad0-6c768e8e9dcd,2
hmd:9117fa28-df28-4bb8-a0e3-b70e60fed262,hmd,alahaiyabilaval,jasraj,The_Genius_of_Pt__Jasraj,9117fa28-df28-4bb8-a0e3-b70e60fed262,1
hmd:916fd45f-ddda-49e2-be63-207fc56a411e,hmd,miyanmalhar,rashidkhan,One_&_Only_Rashid,916fd45f-ddda-49e2-be63-207fc56a411e,3
hmd:91bbdaa0-551d-454b-97f3-67c89c72f8d5,hmd,darbari,ulhaskashalkar,Mellow_Moods,91bbdaa0-551d-454b-97f3-67c89c72f8d5,0
hmd:928a430e-813e-48b0-8a23-566e74aa8dc9,hmd,sri,kaustuvkantiganguli,Raag_Shree,928a430e-813e-48b0-8a23-566e74aa8dc9,0
hmd:930ae825-111c-4dd5-b8be-de609fd5202d,hmd,puriyadhanasri,girijadevi,Classical_Encounter,930ae825-111c-4dd5-b8be-de609fd5202d,0
hmd:932be692-9ff8-4fe1-8546-b92b2d3db696,hmd,marubihag,kaushikichakrabarty,Kaushiki,932be692-9ff8-4fe1-8546-b92b2d3db696,4
hmd:950c9b6a-53e6-43e2-9339-82ba49ade152,hmd,bairagi,ajoychakrabarty,Ragamala,950c9b6a-53e6-43e2-9339-82ba49ade152,2
hmd:97a04401-5a5a-4951-9b94-cce8fbc302cf,hmd,des,sanjevabhyankar,Jiyaraa,97a04401-5a5a-4951-9b94-cce8fbc302cf,2
hmd:97c2c622-af6f-4a70-98be-9e44d5c933db,hmd,sudhsarang,satyasheldeshpande,Kahen,97c2c622-af6f-4a70-98be-9e44d5c933db,2
hmd:980b4a00-6e7c-41c1-81ee-6b021d237343,hmd,malkauns,prabhatre,Maalkauns,980b4a00-6e7c-41c1-81ee-6b021d237343,1
hmd:98afad39-5abc-4c96-b7af-5f2c70831066,hmd,marva,omkardadarkar,Raag_Marwa_&_Shree,98afad39-5abc-4c96-b7af-5f2c70831066,2
hmd:98e14bae-50ae-4c9b-bb39-693ef89fc5b2,hmd,darbari,badeghulamalikhan,Ustad_Bade_Ghulam_Ali_Khan,98e14bae-50ae-4c9b-bb39-693ef89fc5b2,3
hmd:99dcaebe-ab49-4fa3-ab6c-a9458143af8e,hmd,jog,kaustuvkantiganguli,Raag_Jog_&_Kirwani_Bhajan,99dcaebe-ab49-4fa3-ab6c-a9458143af8e,1
hmd:99f1a318-f246-40cb-86b9-3639344be94d,hmd,malkauns,ratanmohansharma,Raga_Reflections,99f1a318-f246-40cb-86b9-3639344be94d,4
hmd:9a133da0-33a1-42c9-a0f1-d2619e4a8782,hmd,kedar,jasraj,Legends:_Sangeet_Martand_Pandit_Jasraj_(Vol__4),9a133da0-33a1-42c9-a0f1-d2619e4a8782,3
hmd:9a2ce15a-4b28-4d10-abc7-9e05310c2e3b,hmd,ragesri,ajoychakrabarty,"Raag_Abhogi,_Rageshree_&_Khamaj",9a2ce15a-4b28-4d10-abc7-9e05310c2e3b,3
hmd:9cb37475-852e-4f7c-81c6-78824d08b839,hmd,miyanmalhar,bhimsenjoshi,Naad_Brahma_-_The_Eternal_Voice_Volume_1,9cb37475-852e-4f7c-81c6-78824d08b839,0
hmd:9ce13d3a-f853-490c-a706-39283372eb0e,hmd,khamaj,ajoychakrabarty,Ajoy_Chakrabarty-Vocal,9ce13d3a-f853-490c-a706-39283372eb0e,0
hmd:9f4a4fc5-d5c0-4757-b875-9dbb2a83302f,hmd,bairagi,aslamhusainkhan,The_Ultimate,9f4a4fc5-d5c0-4757-b875-9dbb2a83302f,4
hmd:9ff5e2dd-7c77-492d-9aa1-09508fe595b9,hmd,basant,prabhatre,Niranjani,9ff5e2dd-7c77-492d-9aa1-09508fe595b9,0
hmd:a0052c33-34b7-4e68-9dcd-121410c6ce36,hmd,madhukauns,vasantraodeshpande,Dr__Vasant_Rao_Deshpande_(Compilation),a0052c33-34b7-4e68-9dcd-121410c6ce36,4
hmd:a01ac873-dff4-420f-9fd8-490dd87c58e9,hmd,abhogi,ajoychakrabarty,"Raag_Abhogi,_Rageshree_&_Khamaj",a01ac873-dff4-420f-9fd8-490dd87c58e9,3
hmd:a0cfb64b-6744-477e-9a17-e335a08e604f,hmd,marubihag,bhimsenjoshi,The_Essential_Collection,a0cfb64b-6744-477e-9a17-e335a08e604f,1
hmd:a2c54654-2699-489a-95ab-623fc903281a,hmd,yamankalyan,venasahasrabudhe,Celestial,a2c54654-2699-489a-95ab-623fc903281a,2
hmd:a3479fbe-fea4-4db7-9c1f-8b4ca613e5f0,hmd,bhup,kishoriamonkar,Live_in_Concert:_Nehru_Center_Bombay,a3479fbe-fea4-4db7-9c1f-8b4ca613e5f0,3
hmd:a4fa5d55-8ea5-47dc-b411-f3abe4ce5405,hmd,marubihag,prabhatre,Night_Melodies,a4fa5d55-8ea5-47dc-b411-f3abe4ce5405,0
hmd:a5381523-347b-47bc-8645-a95d24a9a666,hmd,des,abdulrashidkhan,Rasan_Piya_-_Volume_3,a5381523-347b-47bc-8645-a95d24a9a666,0
hmd:a5b15aae-c911-4df5-944d-1d0d95b8b5b0,hmd,madhukauns,venasahasrabudhe,Bandish_Vol-1,a5b15aae-c911-4df5-944d-1d0d95b8b5b0,3
hmd:a655cf94-bb5f-4971-897a-9c20cdab828b,hmd,bilasakhanitodi,rashidkhan,Evergreen,a655cf94-bb5f-4971-897a-9c20cdab828b,1
hmd:a7a805ef-66c7-47aa-ad38-371c13fa3761,hmd,yamankalyan,shashankmaktedar,Hidden_Gems,a7a805ef-66c7-47aa-ad38-371c13fa3761,1
hmd:a7f6551d-9696-4713-becb-b22acf71a7db,hmd,jog,shrinivasjoshi,Swarakruti,a7f6551d-9696-4713-becb-b22acf71a7db,3
hmd:aa93fca9-362d-4ea4-952f-65006746b888,hmd,yamankalyan,bhimsenjoshi,A_Rare_Treat,aa93fca9-362d-4ea4-952f-65006746b888,4
hmd:ab50e3e6-e6cb-4faa-a5ad-f0a94de30f86,hmd,sudhsarang,badeghulamalikhan,The_Great_Heritage:_Ustad_Bade_Ghulam_Ali_Khan,ab50e3e6-e6cb-4faa-a5ad-f0a94de30f86,4
hmd:acf065cc-7a66-4f9d-9eb9-3a86b35fa447,hmd,gaudmalhar,rajanmishra,Classical_Wonders_of_India,acf065cc-7a66-4f9d-9eb9-3a86b35fa447,0
hmd:adb5c888-68cb-4456-811c-f282aeee3713,hmd,ragesri,kaushikichakrabarty,Rageshri,adb5c888-68cb-4456-811c-f282aeee3713,4
hmd:adf0b8ea-cc74-410f-bd52-d59c08c78783,hmd,miyanmalhar,satyasheldeshpande,Raag_Mian_Malhar_&_Ramdasi_Malhar,adf0b8ea-cc74-410f-bd52-d59c08c78783,4
hmd:afe4855b-9b3e-477a-944a-251b6bb7dd97,hmd,bagesri,sanjevabhyankar,Soaring_Heights-_Vol_2,afe4855b-9b3e-477a-944a-251b6bb7dd97,2
hmd:b0434093-2d8b-4c8d-aaa8-7fb44bd1ce0e,hmd,darbari,jayaterthmevundi,Jayateerth_Mevundi_Classical_Vocal,b0434093-2d8b-4c8d-aaa8-7fb44bd1ce0e,4
hmd:b142b865-8995-4ce5-aa98-4e0fc7d99d94,hmd,hamsadhvani,venasahasrabudhe,Bandish_Vol-1,b142b865-8995-4ce5-aa98-4e0fc7d99d94,3
hmd:b20456b8-7abc-4158-bb53-5ea8d80e5999,hmd,bilasakhanitodi,kaushikichakrabarty,Manomay,b20456b8-7abc-4158-bb53-5ea8d80e5999,3
hmd:b22390c8-88bb-4e1f-9e23-bd3e237043ba,hmd,alahaiyabilaval,datatreyalvelankar,Sura_Sindhu,b22390c8-88bb-4e1f-9e23-bd3e237043ba,3
hmd:b2456c14-8db5-4d11-bf23-ec360b33d242,hmd,madhuvanti,shubhamudgal,Divas:_Once_Upon_a_Time,b2456c14-8db5-4d11-bf23-ec360b33d242,1
hmd:b267996c-c857-4774-9cf6-5f7cec7413d7,hmd,khamaj,ajoychakrabarty,Ajoy_Chakrabarty-Vocal,b267996c-c857-4774-9cf6-5f7cec7413d7,0
hmd:b31c1429-f99f-481c-9a0e-cb2d2f99ac84,hmd,ahirabhairav,hirabaibarodekar,The_Great_Heritage:_Hirabai_Barodekar,b31c1429-f99f-481c-9a0e-cb2d2f99ac84,1
hmd:b3a43a82-b3c3-49bf-bd3d-db561c1ec355,hmd,sri,deborshebhatacharya,Raag_Shree,b3a43a82-b3c3-49bf-bd3d-db561c1ec355,0
hmd:b3dba394-97c1-4fa3-a291-0805fc642e0a,hmd,todi,prabhatre,Amrut_Prabha,b3dba394-97c1-4fa3-a291-0805fc642e0a,3
hmd:b3f5d314-c817-41e1-b6a2-df3c260c8c63,hmd,khamaj,abdulrashidkhan,Rasan_Piya_-_Volume_2,b3f5d314-c817-41e1-b6a2-df3c260c8c63,4
hmd:b63f8746-775e-447b-8bd5-1f32c4ef0b44,hmd,abhogi,rashidkhan,Live_at_St__John's_Smith_Square_London,b63f8746-775e-447b-8bd5-1f32c4ef0b44,4
hmd:b71c2774-2532-4692-8761-5452e2a83118,hmd,bairagi,ajoychakrabarty,Geetinandan_:_Part-3,b71c2774-2532-4692-8761-5452e2a83118,3
hmd:b8ee37d2-e864-4b2e-a79e-b38f9b22c062,hmd,puriyadhanasri,kumargandharva,Pt__Kumar_Gandharva-Vocal,b8ee37d2-e864-4b2e-a79e-b38f9b22c062,0
hmd:b97c32e5-f9ab-465d-b651-681016323409,hmd,des,rashidkhan,Vocal,b97c32e5-f9ab-465d-b651-681016323409,1
hmd:baea9093-d2c8-4529-8bc8-02ce7554c555,hmd,jog,madhupmudgal,Eternal_Music,baea9093-d2c8-4529-8bc8-02ce7554c555,0
hmd:bb6a5ac4-9e42-49b2-bec4-58e1aff53230,hmd,basant,jasraj,Mewati_Gharana,bb6a5ac4-9e42-49b2-bec4-58e1aff53230,2
hmd:bb7a967a-4bb8-4cb8-9075-f2da540628e0,hmd,hamsadhvani,rajanmishra,Sadhana,bb7a967a-4bb8-4cb8-9075-f2da540628e0,1
hmd:bf3e009b-5d36-46a2-8fde-3c019c9fef1a,hmd,bagesri,malinirajurkar,Classical_Vocal,bf3e009b-5d36-46a2-8fde-3c019c9fef1a,4
hmd:bfefde58-4eb2-49b0-9c63-7e4ce1070e61,hmd,bhup,omkardadarkar,Raag_Bhoopali_&_Gavti,bfefde58-4eb2-49b0-9c63-7e4ce1070e61,4
hmd:c02f714f-e4e6-4da6-af07-cea8a03c0e5c,hmd,jog,jasraj,Devataa,c02f714f-e4e6-4da6-af07-cea8a03c0e5c,4
hmd:c0333b05-4593-4618-b00c-9c363c0e4b09,hmd,lalit,sanjevabhyankar,Soaring_Heights,c0333b05-4593-4618-b00c-9c363c0e4b09,4
hmd:c0713057-d5eb-4fe3-a0ae-03a341ad707e,hmd,lalit,datatreyalvelankar,Sura_Sindhu,c0713057-d5eb-4fe3-a0ae-03a341ad707e,3
hmd:c12784d9-c5d7-4883-adae-8140551480c4,hmd,bagesri,mukulshivaputrabhanumatey,Hindustani_Vocal,c12784d9-c5d7-4883-adae-8140551480c4,2
hmd:c1aba7b7-cd7a-4e6c-90e7-798b617bfdc9,hmd,madhuvanti,kaushikichakrabarty,Pure,c1aba7b7-cd7a-4e6c-90e7-798b617bfdc9,4
hmd:c207da5f-60fa-4622-b735-a9bd3425e8fd,hmd,bhairav,rashidkhan,The_Song_Of_Shiva,c207da5f-60fa-4622-b735-a9bd3425e8fd,1
hmd:c2d1a926-dbe0-4f94-b739-c30796ba8346,hmd,lalit,kishoriamonkar,Jaipur_Gharana,c2d1a926-dbe0-4f94-b739-c30796ba8346,0
hmd:c35ea067-d200-40b6-ad61-241b206c97ed,hmd,madhukauns,venasahasrabudhe,Ritu_Chakra_Vol_1,c35ea067-d200-40b6-ad61-241b206c97ed,2
hmd:c4f7a204-5c54-47a1-ae39-b70a366b6865,hmd,todi,jasraj,Echoes_of_a_Golden_Voice,c4f7a204-5c54-47a1-ae39-b70a366b6865,0
hmd:c53396aa-f369-4875-8c61-3f29787da6f5,hmd,alahaiyabilaval,aslamhusainkhan,Vocal,c53396aa-f369-4875-8c61-3f29787da6f5,1
hmd:c556b631-111f-42e8-aa98-e02f0777be9e,hmd,khamaj,ajoychakrabarty,"Raag_Abhogi,_Rageshree_&_Khamaj",c556b631-111f-42e8-aa98-e02f0777be9e,3
hmd:c568bab8-7653-4252-a4d9-aebcc26fc752,hmd,marva,crvyas,The_Eternal_Rhapsody,c568bab8-7653-4252-a4d9-aebcc26fc752,3
hmd:c6232a25-3f5a-4394-a85c-43dc1efcc1de,hmd,marva,rashidkhan,Masterworks,c6232a25-3f5a-4394-a85c-43dc1efcc1de,2
hmd:c6dfc5f0-34cb-4d1e-90a0-712a845beb38,hmd,bagesri,prabhakarkarekar,Swarprabha,c6dfc5f0-34cb-4d1e-90a0-712a845beb38,0
hmd:c6e488e4-daa6-401d-a3db-cfe3f0ae63d6,hmd,bilasakhanitodi,girijadevi,Masterworks_from_the_NCPA_Archives,c6e488e4-daa6-401d-a3db-cfe3f0ae63d6,1
hmd:c7073b30-cb25-4ed4-a2f3-9d75fe9cd1e8,hmd,des,rashidkhan,Vocal,c7073b30-cb25-4ed4-a2f3-9d75fe9cd1e8,1
hmd:c76cadd9-9e7b-4e9e-96dc-f79a9a8eed78,hmd,yamankalyan,omkardadarkar,"Raag_Bahar,_Gaud_Malhar_&_Yaman",c76cadd9-9e7b-4e9e-96dc-f79a9a8eed78,1
hmd:c83a26a9-452f-49f4-bb4e-fad2d9bb9af1,hmd,bairagi,rashidkhan,Evergreen,c83a26a9-452f-49f4-bb4e-fad2d9bb9af1,1
hmd:c853d66a-7f61-42ef-8373-94798bde90a6,hmd,basant,gauripathare,Malhar,c853d66a-7f61-42ef-8373-94798bde90a6,0
hmd:c8724201-ecfd-44be-af53-5f436564d062,hmd,des,ulhaskashalkar,Khayalnuma,c8724201-ecfd-44be-af53-5f436564d062,3
hmd:c8c0b93e-0e7d-4e08-a1cc-95b0eecee5db,hmd,bihag,abdulrashidkhan,Rasan_Piya_-_Volume_1,c8c0b93e-0e7d-4e08-a1cc-95b0eecee5db,2
hmd:c9c6dedd-4e86-4e0e-a5ea-0911cd8f5814,hmd,ragesri,kaushikichakrabarty,Rageshri,c9c6dedd-4e86-4e0e-a5ea-0911cd8f5814,4
hmd:cbcba04b-023b-40e0-a5e8-04260ad3efdd,hmd,ahirabhairav,jasraj,A_Day_With_Pandit_Jasraj,cbcba04b-023b-40e0-a5e8-04260ad3efdd,2
hmd:cc7999c1-feb7-4fa7-8b45-7e6fc39c0ec6,hmd,abhogi,triptimukherje,Jasrangi,cc7999c1-feb7-4fa7-8b45-7e6fc39c0ec6,2
hmd:cdd148c7-07e4-46c9-88d9-fbbfcea2edf5,hmd,bilasakhanitodi,shrutisadolikar,Khayal,cdd148c7-07e4-46c9-88d9-fbbfcea2edf5,2
hmd:cfaafb25-78e1-4d27-93d8-a5b160ee77fc,hmd,kedar,jayaterthmevundi,Sunset_In_Dharwad,cfaafb25-78e1-4d27-93d8-a5b160ee77fc,2
hmd:d0781259-2c63-4b35-8ca3-75c19a98e275,hmd,jog,brajeshvarmukherje,Raag_Jog_&_Hameer,d0781259-2c63-4b35-8ca3-75c19a98e275,2
hmd:d29c44a0-d688-47f1-8d83-8c07f0b76b22,hmd,abhogi,bhimsenjoshi,The_Multifaceted,d29c44a0-d688-47f1-8d83-8c07f0b76b22,2
hmd:d2ca91e0-74d1-4c68-b7c9-4dec57ef526b,hmd,ragesri,sanjevabhyankar,Jiyaraa,d2ca91e0-74d1-4c68-b7c9-4dec57ef526b,2
hmd:d38c59a4-947b-4918-8b0d-f22b7c8c1ea5,hmd,todi,gopalmishra,Kula_Sampada,d38c59a4-947b-4918-8b0d-f22b7c8c1ea5,3
hmd:d44c1914-b3ee-4948-af86-d07fde13c1b4,hmd,lalit,rajanmishra,Sangeet_Sartaj,d44c1914-b3ee-4948-af86-d07fde13c1b4,1
hmd:d56b4f36-3101-4962-867b-40ee9906dd5a,hmd,bairagi,venasahasrabudhe,Immaculate_Ragas_Vol_2,d56b4f36-3101-4962-867b-40ee9906dd5a,3
hmd:d7510269-b26c-4735-a491-245f3c732a58,hmd,bilasakhanitodi,ajoychakrabarty,The_Genius_Of_Pt__Ajoy_Chakraborty,d7510269-b26c-4735-a491-245f3c732a58,3
hmd:d9a79389-f4b4-4d66-920c-494525b3417e,hmd,basant,crvyas,Legends_Forever,d9a79389-f4b4-4d66-920c-494525b3417e,1
hmd:da623ecf-5590-4fc6-8d6d-d1f396d5021d,hmd,todi,amirkhan,Taskeen_(Vol__2),da623ecf-5590-4fc6-8d6d-d1f396d5021d,1
hmd:dbfa7e22-4432-4db5-8ec6-8482b97bcea9,hmd,basant,aslamhusainkhan,Vocal,dbfa7e22-4432-4db5-8ec6-8482b97bcea9,1
hmd:dc09e696-88d1-427f-bb1b-92d899ed9af1,hmd,kedar,ajoychakrabarty,Raag_Kedar_&_Jog,dc09e696-88d1-427f-bb1b-92d899ed9af1,1
hmd:dcc4b6e9-15ef-4662-acbe-8666af8cbca5,hmd,khamaj,abdulrashidkhan,Rasan_Piya_-_Volume_2,dcc4b6e9-15ef-4662-acbe-8666af8cbca5,4
hmd:dcd3f7ef-a962-4664-8cbb-3902ad43d935,hmd,miyanmalhar,jasraj,Classical_Wonders_of_India,dcd3f7ef-a962-4664-8cbb-3902ad43d935,0
hmd:dd42bbc9-4ec1-4881-81df-8b6813d460cf,hmd,bhup,badeghulamalikhan,The_Great_Heritage:_Ustad_Bade_Ghulam_Ali_Khan,dd42bbc9-4ec1-4881-81df-8b6813d460cf,4
hmd:def59da7-8d7b-4047-b16c-eeee65482e87,hmd,ahirabhairav,rashidkhan,The_Genius_Of_Ustad_Rashid_Khan,def59da7-8d7b-4047-b16c-eeee65482e87,1
hmd:e05c9807-4b3a-4532-b6cf-aa560ee07dad,hmd,madhuvanti,jasraj,Legends:_Sangeet_Martand_Pandit_Jasraj_(Vol__2),e05c9807-4b3a-4532-b6cf-aa560ee07dad,1
hmd:e0c1cf84-1bb3-4e8b-84d4-0f659976d576,hmd,khamaj,ajoychakrabarty,Ajoy_Chakrabarty-Vocal,e0c1cf84-1bb3-4e8b-84d4-0f659976d576,0
hmd:e0f9998f-0341-4621-8cf2-80c3d3b59855,hmd,kedar,abdulrashidkhan,Rasan_Piya_-_Volume_3,e0f9998f-0341-4621-8cf2-80c3d3b59855,0
hmd:e155b6c3-eb87-4522-9bf8-93bf74697fb4,hmd,lalit,omkarnaththakur,Heritage_-_Raga_Lalit,e155b6c3-eb87-4522-9bf8-93bf74697fb4,2
hmd:e2123c63-6a24-4190-be52-e299c05c4bb8,hmd,ahirabhairav,kaivalyakumargurav,Kaivalyakumar_Vocal_Classical,e2123c63-6a24-4190-be52-e299c05c4bb8,3
hmd:e23eb921-de6e-452b-bc2f-7fbd0772c4fd,hmd,bilasakhanitodi,jasraj,Legends:_Sangeet_Martand_Pandit_Jasraj_(Vol__1),e23eb921-de6e-452b-bc2f-7fbd0772c4fd,0
hmd:e2bfec5e-df30-42b5-9157-e4fd102a78a6,hmd,yamankalyan,bhimsenjoshi,Raagadhiraj,e2bfec5e-df30-42b5-9157-e4fd102a78a6,3
hmd:e3a55c80-653e-4587-aca9-bf6c7245c459,hmd,des,venasahasrabudhe,Ritu_Chakra_Vol__3,e3a55c80-653e-4587-aca9-bf6c7245c459,3
hmd:e40375a2-01d2-4137-823a-3e62503baf98,hmd,abhogi,anolchaterje,Raag_Abhogi_&_Megh,e40375a2-01d2-4137-823a-3e62503baf98,0
hmd:e516312d-00c4-4ccc-8875-9c84f0f30207,hmd,madhukauns,jagdishprasad,Jewel_of_Jewels,e516312d-00c4-4ccc-8875-9c84f0f30207,0
hmd:e59642ca-72bc-466b-bf4b-d82bfbc7b4af,hmd,yamankalyan,ajoychakrabarty,The_Genius_Of_Pt__Ajoy_Chakraborty,e59642ca-72bc-466b-bf4b-d82bfbc7b4af,3
hmd:e63679b8-d529-4815-9e58-aac403e079e1,hmd,sudhsarang,satyasheldeshpande,Kahen,e63679b8-d529-4815-9e58-aac403e079e1,2
hmd:e79f2c5f-ceee-4402-a0d6-2c75d3055d4b,hmd,ragesri,kishoriamonkar,Classical_Encounter,e79f2c5f-ceee-4402-a0d6-2c75d3055d4b,0
hmd:ea36cb14-7c11-41d0-acb8-70ec66e61063,hmd,bairagi,brajeshvarmukherje,New_Signature,ea36cb14-7c11-41d0-acb8-70ec66e61063,0
hmd:ead345d2-0314-4a4a-bfb6-d65510e06aba,hmd,lalit,omkarnaththakur,Heritage_-_Raga_Lalit,ead345d2-0314-4a4a-bfb6-d65510e06aba,2
hmd:eb3a6211-0062-4043-bd43-c7e84da353e9,hmd,ragesri,kaushikichakrabarty,Rageshri,eb3a6211-0062-4043-bd43-c7e84da353e9,4
hmd:eb7fce60-8232-44ee-ad0a-571bb15003fb,hmd,khamaj,abdulrashidkhan,Rasan_Piya_-_Volume_2,eb7fce60-8232-44ee-ad0a-571bb15003fb,4
hmd:ed4b8208-d0bf-4269-b513-5799a9ae3884,hmd,sudhsarang,kumargandharva,Pt__Kumar_Gandharva-Vocal,ed4b8208-d0bf-4269-b513-5799a9ae3884,0
hmd:ee202972-59a1-4576-9883-6e82124b356a,hmd,bihag,abdulrashidkhan,Rasan_Piya_-_Volume_1,ee202972-59a1-4576-9883-6e82124b356a,2
hmd:ef6c848a-8f36-49fa-98f1-2b3d40391ddd,hmd,bhairav,salamatalikhan,Timeless_Music_From_Pakistan_Vol__2,ef6c848a-8f36-49fa-98f1-2b3d40391ddd,3
hmd:ef986f34-db14-4d1e-8dea-a623286b35fc,hmd,bairagi,kumarmardur,Classical_Essence,ef986f34-db14-4d1e-8dea-a623286b35fc,1
hmd:effa2f04-c0ab-4910-b822-55d8548363df,hmd,kedar,abdulrashidkhan,Rasan_Piya_-_Volume_3,effa2f04-c0ab-4910-b822-55d8548363df,0
hmd:f0ce173e-e69b-4baf-8c23-cdd63fd15ab1,hmd,bihag,deborshebhatacharya,Raag_Bihag,f0ce173e-e69b-4baf-8c23-cdd63fd15ab1,4
hmd:f0de74aa-416f-4da7-b2d8-c02cd6da978e,hmd,des,abdulrashidkhan,Rasan_Piya_-_Volume_3,f0de74aa-416f-4da7-b2d8-c02cd6da978e,0
hmd:f0dfbbd2-7c91-4d7f-aa8d-30d95ee22c29,hmd,sudhsarang,kumarmardur,Classical_Essence,f0dfbbd2-7c91-4d7f-aa8d-30d95ee22c29,1
hmd:f11c7c0c-d148-4084-8cfc-b5e81893f5cf,hmd,sudhsarang,satyasheldeshpande,Kahen,f11c7c0c-d148-4084-8cfc-b5e81893f5cf,2
hmd:f149cad0-c5af-48d6-a726-ef3badb0169a,hmd,malkauns,malinirajurkar,Classical_Vocal,f149cad0-c5af-48d6-a726-ef3badb0169a,4
hmd:f227efaa-652f-48e1-b57e-6fe6fea16fe4,hmd,hamsadhvani,rajanmishra,Sadhana,f227efaa-652f-48e1-b57e-6fe6fea16fe4,1
hmd:f3313201-ab83-4633-b463-60b862ab1a21,hmd,sri,omkardadarkar,Raag_Marwa_&_Shree,f3313201-ab83-4633-b463-60b862ab1a21,2
hmd:f4ca8526-f987-4ff8-a6a4-63459ea698ae,hmd,puriyadhanasri,gopalmishra,Kula_Sampada,f4ca8526-f987-4ff8-a6a4-63459ea698ae,3
hmd:f5689624-b636-4a6c-831f-53d1678d9bb6,hmd,alahaiyabilaval,abdulrashidkhan,Rasan_Piya_-_Volume_2,f5689624-b636-4a6c-831f-53d1678d9bb6,4
hmd:f5999e30-d00d-4837-b9c6-5328768ae22d,hmd,sri,kumarmardur,Classical_Essence,f5999e30-d00d-4837-b9c6-5328768ae22d,1
hmd:f5a6ba75-7be0-4a67-b1c3-3e49b060d384,hmd,darbari,ajaypohankar,Mehfil,f5a6ba75-7be0-4a67-b1c3-3e49b060d384,4
hmd:f5cb8fde-2483-407c-896e-1d5a777aac2e,hmd,darbari,ghulamustafakhan,Timeless,f5cb8fde-2483-407c-896e-1d5a777aac2e,2
hmd:f5d3cea0-50ad-461f-9aa2-20f2434ae1e8,hmd,malkauns,rashidkhan,The_Genius_Of_Ustad_Rashid_Khan,f5d3cea0-50ad-461f-9aa2-20f2434ae1e8,1
hmd:f93a15cf-8ec1-43c7-b7e3-b48f5369dee4,hmd,ahirabhairav,kumargandharva,The_Genius_Of_Pt__Kumar_Gandharv,f93a15cf-8ec1-43c7-b7e3-b48f5369dee4,2
hmd:fb73793a-3791-4986-b3f8-00621a16a522,hmd,marva,amirkhan,The_Great_Heritage:_Ustad_Amir_Khan,fb73793a-3791-4986-b3f8-00621a16a522,0
hmd:fe91ccb2-499a-4d99-be22-3fdde04ee9aa,hmd,marubihag,bhimsenjoshi,Swar_Shikhar,fe91ccb2-499a-4d99-be22-3fdde04ee9aa,3
hmd:fe984e34-eae6-4dcf-bf70-159923c26fe6,hmd,yamankalyan,prabhatre,Gaan_Prabha,fe984e34-eae6-4dcf-bf70-159923c26fe6,0
hmd:fecfe4a8-a68e-4ced-93d9-5d47fd4505cd,hmd,bihag,omkarnaththakur,An_Undying_Parampara_Vol__2,fecfe4a8-a68e-4ced-93d9-5d47fd4505cd,1
hmd:ff70a092-0893-4836-a2a2-7ea654d171c9,hmd,madhuvanti,kaushikichakrabarty,Pure,ff70a092-0893-4836-a2a2-7ea654d171c9,4
saraga:047abeeb-88f5-4395-8542-f7448668a281,saraga,lalit,kaustuvkantiganguli,Hindustani Alaps by Kaustuv Kanti Ganguli,047abeeb-88f5-4395-8542-f7448668a281,4
saraga:15b6df7e-2b76-484d-9089-1619cc850b59,saraga,puriyadhanasri,kaustuvkantiganguli,Hindustani Alaps by Kaustuv Kanti Ganguli,15b6df7e-2b76-484d-9089-1619cc850b59,4
saraga:204008ee-89fe-44a4-a0c7-7bd7d64cf8a4,saraga,todi,ajoychakrabarty,Geetinandan : Part-3 by Ajoy Chakrabarty,204008ee-89fe-44a4-a0c7-7bd7d64cf8a4,0
saraga:57b81628-b37d-4fee-991a-4f2387bca45a,saraga,bilasakhanitodi,kaustuvkantiganguli,Hindustani Alaps by Kaustuv Kanti Ganguli,57b81628-b37d-4fee-991a-4f2387bca45a,4
saraga:62c7a9e6-e720-4cec-98cf-dda45c28bc0e,saraga,des,kaustuvkantiganguli,Hindustani Alaps by Kaustuv Kanti Ganguli,62c7a9e6-e720-4cec-98cf-dda45c28bc0e,4
saraga:82f80a73-a455-408a-a1bd-241b4b4f2388,saraga,yamankalyan,kaustuvkantiganguli,Hindustani Alaps by Kaustuv Kanti Ganguli,82f80a73-a455-408a-a1bd-241b4b4f2388,4
saraga:b77a3149-40fa-4e28-8205-cd4f006f60a1,saraga,malkauns,ajoychakrabarty,Geetinandan : Part-3 by Ajoy Chakrabarty,b77a3149-40fa-4e28-8205-cd4f006f60a1,0
saraga:dd875fec-377f-4565-98ca-cc9cf6397995,saraga,marva,kaustuvkantiganguli,Hindustani Alaps by Kaustuv Kanti Ganguli,dd875fec-377f-4565-98ca-cc9cf6397995,4
